{"posicion":{"x":-10.410000801086426,"y":-5.463810443878174,"z":0.0}}