{"posicion":{"x":46.541412353515628,"y":-1.4638218879699708,"z":0.0}}