{"posicion":{"x":-10.40999984741211,"y":-3.380000114440918,"z":0.0},"volumen":0.0,"escena":"Tutorial"}